id,solicitante,soliciado_em,executado_em,intervalo_em_seg,valor
4,1,2021-11-04 16:58:14,2021-12-03 12:37:44,2489969.62,790.00000
349,12,2021-11-04 16:58:21,2021-12-03 12:38:06,2489984.82,3600.00000
6,1,2021-11-04 16:58:14,2021-12-03 12:37:44,2489969.70,530.00000
8,2,2021-11-04 16:58:14,2021-12-03 12:37:44,2489969.78,20.00000
9,2,2021-11-04 16:58:14,2021-12-03 12:37:44,2489969.81,120.00000
341,12,2021-11-04 16:58:21,2021-12-03 12:38:05,2489984.35,10680.00000
342,12,2021-11-04 16:58:21,2021-12-03 12:38:05,2489984.53,3840.00000
5,1,2021-11-04 16:58:14,2021-12-03 12:37:44,2489969.66,370.00000
35,2,2021-11-04 16:58:15,2021-12-03 12:37:46,2489971.07,120.00000
13,2,2021-11-04 16:58:14,2021-12-03 12:37:44,2489969.98,1540.00000
17,2,2021-11-04 16:58:14,2021-12-03 12:37:44,2489970.26,1020.00000
18,2,2021-11-04 16:58:14,2021-12-03 12:37:45,2489970.31,700.00000
19,2,2021-11-04 16:58:14,2021-12-03 12:37:45,2489970.36,920.00000
20,2,2021-11-04 16:58:14,2021-12-03 12:37:45,2489970.40,1480.00000
21,2,2021-11-04 16:58:14,2021-12-03 12:37:45,2489970.45,1280.00000
69,4,2021-11-04 16:58:15,2021-12-03 12:37:48,2489972.47,840.00000
351,13,2021-11-04 16:58:21,2021-12-03 12:38:06,2489984.90,9230.00000
15,2,2021-11-04 16:58:14,2021-12-03 12:37:44,2489970.15,1440.00000
16,2,2021-11-04 16:58:14,2021-12-03 12:37:44,2489970.20,700.00000
25,2,2021-11-04 16:58:14,2021-12-03 12:37:45,2489970.63,840.00000
28,2,2021-11-04 16:58:14,2021-12-03 12:37:45,2489970.76,1900.00000
29,2,2021-11-04 16:58:14,2021-12-03 12:37:45,2489970.80,1100.00000
31,2,2021-11-04 16:58:14,2021-12-99 12:37:45,2489970.89,300.00000
32,2,2021-11-04 16:58:14,2021-12-03 12:37:45,2489970.93,1820.00000
33,2,2021-11-04 16:58:15,2021-12-03 12:37:45,2489970.98,460.00000
34,2,2021-11-04 16:58:15,2021-12-03 12:37:46,2489971.02,1740.00000
388,13,2021-11-04 16:58:22,2021-12-03 12:38:08,2489986.49,12350.00000
394,13,2021-11-04 16:58:22,2021-12-03 12:38:09,2489986.75,4680.00000
27,2,2021-11-04 16:58:14,2021-12-03 12:37:45,2489970.72,980.00000
421,14,2021-11-04 16:58:22,2021-12-03 12:38:10,2489987.96,9100.00000
39,3,2021-11-04 16:58:15,2021-12-03 12:37:46,2489971.23,2250.00000
42,3,2021-11-04 16:58:15,2021-12-03 12:37:46,2489971.36,990.00000
40,3,2021-11-04 16:58:15,2021-12-03 12:37:46,2489971.27,600.00000
70,4,2021-11-04 16:58:15,2021-12-03 12:37:48,2489972.51,3240.00000
71,4,2021-11-04 16:58:15,2021-12-03 12:37:48,2489972.55,3720.00000
183,9,2021-11-04 16:58:18,2021-12-03 12:37:55,2489977.21,6570.00000
215,9,2021-11-04 16:58:18,2021-12-03 12:37:57,2489978.52,7200.00000
159,8,2021-11-04 16:58:17,2021-12-03 12:37:53,2489976.18,160.00000
229,10,2021-11-04 16:58:19,2021-12-03 12:37:58,2489979.09,5100.00000
647,26,2021-11-04 16:58:27,2021-12-03 12:38:26,2489998.09,2860.00000
45,3,2021-11-04 16:58:15,2021-12-03 12:37:46,2489971.47,810.00000
47,3,2021-11-04 16:58:15,2021-12-03 12:37:46,2489971.54,1920.00000
424,15,2021-11-04 16:58:23,2021-12-03 12:38:11,2489988.08,8100.00000
243,10,2021-11-04 16:58:19,2021-12-03 12:37:59,2489979.69,4000.00000
46,3,2021-11-04 16:58:15,2021-12-03 12:37:46,2489971.50,450.00000
54,3,2021-11-04 16:58:15,2021-12-03 12:37:47,2489971.85,1200.00000
425,15,2021-11-04 16:58:23,2021-12-03 12:38:11,2489988.13,13950.00000
541,20,2021-11-04 16:58:25,2021-12-03 12:38:18,2489993.39,16800.00000
56,3,2021-11-04 16:58:15,2021-12-03 12:37:47,2489971.94,90.00000
57,3,2021-11-04 16:58:15,2021-12-03 12:37:47,2489971.98,420.00000
58,3,2021-11-04 16:58:15,2021-12-03 12:37:47,2489972.02,1650.00000
811,35,2021-11-04 16:58:31,2021-12-03 12:38:36,2490005.52,14700.00000
61,3,2021-11-04 16:58:15,2021-12-03 12:37:47,2489972.15,2880.00000
63,3,2021-11-04 16:58:15,2021-12-03 12:37:47,2489972.24,1860.00000
68,4,2021-11-04 16:58:15,2021-12-03 12:37:48,2489972.43,1400.00000
66,4,2021-11-04 16:58:15,2021-12-03 12:37:48,2489972.35,2480.00000
253,10,2021-11-04 16:58:19,2021-12-03 12:37:59,2489980.10,8900.00000
263,10,2021-11-04 16:58:19,2021-12-03 12:38:00,2489980.65,9000.00000
328,12,2021-11-04 16:58:21,2021-12-03 12:38:04,2489983.49,3840.00000
67,4,2021-11-04 16:58:15,2021-12-03 12:37:48,2489972.39,3600.00000
565,20,2021-11-04 16:58:26,2021-12-03 12:38:20,2489994.48,8600.00000
73,4,2021-11-04 16:58:15,2021-12-03 12:37:48,2489972.63,680.00000
78,4,2021-11-04 16:58:15,2021-12-03 12:37:48,2489972.84,2200.00000
77,4,2021-11-04 16:58:15,2021-12-03 12:37:48,2489972.80,920.00000
79,4,2021-11-04 16:58:15,2021-12-03 12:37:48,2489972.87,880.00000
80,4,2021-11-04 16:58:15,2021-12-03 12:37:48,2489972.92,3600.00000
81,4,2021-11-04 16:58:16,2021-12-03 12:37:48,2489972.95,320.00000
84,4,2021-11-04 16:58:16,2021-12-03 12:37:49,2489973.08,1680.00000
570,21,2021-11-04 16:58:26,2021-12-03 12:38:20,2489994.70,11550.00000
757,33,2021-11-04 16:58:30,2021-12-03 12:38:33,2490002.86,30690.00000
82,4,2021-11-04 16:58:16,2021-12-03 12:37:49,2489972.99,240.00000
83,4,2021-11-04 16:58:16,2021-12-03 12:37:49,2489973.03,2840.00000
87,5,2021-11-04 16:58:16,2021-12-03 12:37:49,2489973.20,2350.00000
561,20,2021-11-04 16:58:26,2021-12-03 12:38:20,2489994.30,8600.00000
430,15,2021-11-04 16:58:23,2021-12-03 12:38:11,2489988.36,4950.00000
88,5,2021-11-04 16:58:16,2021-12-03 12:37:49,2489973.25,4650.00000
89,5,2021-11-04 16:58:16,2021-12-03 12:37:49,2489973.27,3600.00000
94,6,2021-11-04 16:58:16,2021-12-03 12:37:49,2489973.46,5160.00000
150,8,2021-11-04 16:58:17,2021-12-03 12:37:53,2489975.80,6320.00000
172,9,2021-11-04 16:58:17,2021-12-03 12:37:54,2489976.73,7110.00000
657,28,2021-11-04 16:58:28,2021-12-03 12:38:26,2489998.50,2240.00000
96,6,2021-11-04 16:58:16,2021-12-03 12:37:49,2489973.55,2760.00000
99,6,2021-11-04 16:58:16,2021-12-03 12:37:50,2489973.68,3240.00000
426,15,2021-11-04 16:58:23,2021-12-03 12:38:11,2489988.17,14100.00000
101,6,2021-11-04 16:58:16,2021-12-03 12:37:50,2489973.77,1740.00000
432,15,2021-11-04 16:58:23,2021-12-03 12:38:11,2489988.45,10800.00000
569,21,2021-11-04 16:58:26,2021-12-03 12:38:20,2489994.65,1050.00000
151,8,2021-11-04 16:58:17,2021-12-03 12:37:53,2489975.84,480.00000
427,15,2021-11-04 16:58:23,2021-12-03 12:38:11,2489988.22,9900.00000
173,9,2021-11-04 16:58:17,2021-12-03 12:37:54,2489976.78,6480.00000
433,15,2021-11-04 16:58:23,2021-12-03 12:38:11,2489988.50,1200.00000
106,7,2021-11-04 16:58:16,2021-12-03 12:37:50,2489973.98,2100.00000
107,7,2021-11-04 16:58:16,2021-12-03 12:37:50,2489974.02,6510.00000
114,7,2021-11-04 16:58:16,2021-12-03 12:37:51,2489974.31,210.00000
600,23,2021-11-04 16:58:26,2021-12-03 12:38:22,2489996.06,14720.00000
607,23,2021-11-04 16:58:26,2021-12-03 12:38:23,2489996.38,14950.00000
153,8,2021-11-04 16:58:17,2021-12-03 12:37:53,2489975.91,320.00000
810,35,2021-11-04 16:58:31,2021-12-03 12:38:36,2490005.47,25200.00000
550,20,2021-11-04 16:58:25,2021-12-03 12:38:19,2489993.78,4200.00000
154,8,2021-11-04 16:58:17,2021-12-03 12:37:53,2489975.95,5920.00000
155,8,2021-11-04 16:58:17,2021-12-03 12:37:53,2489975.99,3200.00000
536,20,2021-11-04 16:58:25,2021-12-03 12:38:18,2489993.15,17000.00000
156,8,2021-11-04 16:58:17,2021-12-03 12:37:53,2489976.03,400.00000
157,8,2021-11-04 16:58:17,2021-12-03 12:37:53,2489976.09,7600.00000
170,9,2021-11-04 16:58:17,2021-12-03 12:37:54,2489976.64,8820.00000
537,20,2021-11-04 16:58:25,2021-12-03 12:38:18,2489993.20,12600.00000
538,20,2021-11-04 16:58:25,2021-12-03 12:38:18,2489993.24,17000.00000
129,7,2021-11-04 16:58:17,2021-12-03 12:37:51,2489974.94,3500.00000
539,20,2021-11-04 16:58:25,2021-12-03 12:38:18,2489993.29,15800.00000
675,31,2021-11-04 16:58:28,2021-12-03 12:38:27,2489999.22,30380.00000
171,9,2021-11-04 16:58:17,2021-12-03 12:37:54,2489976.69,2520.00000
540,20,2021-11-04 16:58:25,2021-12-03 12:38:18,2489993.34,12200.00000
678,31,2021-11-04 16:58:28,2021-12-03 12:38:28,2489999.32,26040.00000
130,7,2021-11-04 16:58:17,2021-12-03 12:37:52,2489974.98,140.00000
700,31,2021-11-04 16:58:29,2021-12-03 12:38:29,2490000.24,26040.00000
145,8,2021-11-04 16:58:17,2021-12-03 12:37:52,2489975.60,480.00000
551,20,2021-11-04 16:58:25,2021-12-03 12:38:19,2489993.82,9200.00000
703,31,2021-11-04 16:58:29,2021-12-03 12:38:29,2490000.40,10540.00000
146,8,2021-11-04 16:58:17,2021-12-03 12:37:52,2489975.64,4960.00000
554,20,2021-11-04 16:58:25,2021-12-03 12:38:19,2489993.99,1600.00000
651,27,2021-11-04 16:58:28,2021-12-03 12:38:26,2489998.25,24300.00000
683,31,2021-11-04 16:58:28,2021-12-03 12:38:28,2489999.52,18600.00000
148,8,2021-11-04 16:58:17,2021-12-03 12:37:53,2489975.73,1520.00000
419,14,2021-11-04 16:58:22,2021-12-03 12:38:10,2489987.86,2940.00000
617,24,2021-11-04 16:58:27,2021-12-03 12:38:24,2489996.85,14880.00000
149,8,2021-11-04 16:58:17,2021-12-03 12:37:53,2489975.77,6640.00000
685,31,2021-11-04 16:58:28,2021-12-03 12:38:28,2489999.61,11780.00000
556,20,2021-11-04 16:58:25,2021-12-03 12:38:19,2489994.07,0.00000
687,31,2021-11-04 16:58:29,2021-12-03 12:38:28,2489999.69,20770.00000
688,31,2021-11-04 16:58:29,2021-12-03 12:38:28,2489999.73,7750.00000
136,8,2021-11-04 16:58:17,2021-12-03 12:37:52,2489975.22,720.00000
139,8,2021-11-04 16:58:17,2021-12-03 12:37:52,2489975.35,6400.00000
140,8,2021-11-04 16:58:17,2021-12-03 12:37:52,2489975.39,5360.00000
141,8,2021-11-04 16:58:17,2021-12-03 12:37:52,2489975.43,6320.00000
142,8,2021-11-04 16:58:17,2021-12-03 12:37:52,2489975.47,7760.00000
143,8,2021-11-04 16:58:17,2021-12-03 12:37:52,2489975.52,1360.00000
144,8,2021-11-04 16:58:17,2021-12-03 12:37:52,2489975.56,4480.00000
327,12,2021-11-04 16:58:21,2021-12-03 12:38:04,2489983.45,2880.00000
705,31,2021-11-04 16:58:29,2021-12-03 12:38:29,2490000.47,15500.00000
137,8,2021-11-04 16:58:17,2021-12-03 12:37:52,2489975.26,2080.00000
138,8,2021-11-04 16:58:17,2021-12-03 12:37:52,2489975.30,3040.00000
161,8,2021-11-04 16:58:17,2021-12-03 12:37:53,2489976.27,4160.00000
162,8,2021-11-04 16:58:17,2021-12-03 12:37:53,2489976.31,2880.00000
163,8,2021-11-04 16:58:17,2021-12-03 12:37:54,2489976.35,6720.00000
164,8,2021-11-04 16:58:17,2021-12-03 12:37:54,2489976.40,5920.00000
165,9,2021-11-04 16:58:17,2021-12-03 12:37:54,2489976.44,8190.00000
166,9,2021-11-04 16:58:17,2021-12-03 12:37:54,2489976.47,6750.00000
167,9,2021-11-04 16:58:17,2021-12-03 12:37:54,2489976.51,2610.00000
168,9,2021-11-04 16:58:17,2021-12-03 12:37:54,2489976.56,8100.00000
169,9,2021-11-04 16:58:17,2021-12-03 12:37:54,2489976.60,5220.00000
709,31,2021-11-04 16:58:29,2021-12-03 12:38:30,2490000.64,11160.00000
160,8,2021-11-04 16:58:17,2021-12-03 12:37:53,2489976.22,400.00000
177,9,2021-11-04 16:58:17,2021-12-03 12:37:54,2489976.96,5850.00000
178,9,2021-11-04 16:58:18,2021-12-03 12:37:55,2489977.00,8010.00000
179,9,2021-11-04 16:58:18,2021-12-03 12:37:55,2489977.04,1080.00000
180,9,2021-11-04 16:58:18,2021-12-03 12:37:55,2489977.08,900.00000
181,9,2021-11-04 16:58:18,2021-12-03 12:37:55,2489977.12,5580.00000
182,9,2021-11-04 16:58:18,2021-12-03 12:37:55,2489977.17,6390.00000
184,9,2021-11-04 16:58:18,2021-12-03 12:37:55,2489977.25,6570.00000
185,9,2021-11-04 16:58:18,2021-12-03 12:37:55,2489977.30,4770.00000
186,9,2021-11-04 16:58:18,2021-12-03 12:37:55,2489977.33,3240.00000
190,9,2021-11-04 16:58:18,2021-12-03 12:37:55,2489977.51,4230.00000
191,9,2021-11-04 16:58:18,2021-12-03 12:37:55,2489977.55,7920.00000
192,9,2021-11-04 16:58:18,2021-12-03 12:37:55,2489977.59,3150.00000
193,9,2021-11-04 16:58:18,2021-12-03 12:37:55,2489977.63,900.00000
194,9,2021-11-04 16:58:18,2021-12-03 12:37:56,2489977.67,2160.00000
195,9,2021-11-04 16:58:18,2021-12-03 12:37:56,2489977.71,1530.00000
196,9,2021-11-04 16:58:18,2021-12-03 12:37:56,2489977.76,7740.00000
197,9,2021-11-04 16:58:18,2021-12-03 12:37:56,2489977.80,2250.00000
198,9,2021-11-04 16:58:18,2021-12-03 12:37:56,2489977.84,1170.00000
199,9,2021-11-04 16:58:18,2021-12-03 12:37:56,2489977.88,5760.00000
188,9,2021-11-04 16:58:18,2021-12-03 12:37:55,2489977.42,360.00000
203,9,2021-11-04 16:58:18,2021-12-03 12:37:56,2489978.04,8640.00000
204,9,2021-11-04 16:58:18,2021-12-03 12:37:56,2489978.08,3870.00000
205,9,2021-11-04 16:58:18,2021-12-03 12:37:56,2489978.12,8460.00000
206,9,2021-11-04 16:58:18,2021-12-03 12:37:56,2489978.17,6210.00000
207,9,2021-11-04 16:58:18,2021-12-03 12:37:56,2489978.21,2790.00000
208,9,2021-11-04 16:58:18,2021-12-03 12:37:56,2489978.24,3600.00000
209,9,2021-11-04 16:58:18,2021-12-03 12:37:56,2489978.28,810.00000
210,9,2021-11-04 16:58:18,2021-12-03 12:37:56,2489978.31,4770.00000
211,9,2021-11-04 16:58:18,2021-12-03 12:37:57,2489978.35,180.00000
212,9,2021-11-04 16:58:18,2021-12-03 12:37:57,2489978.39,360.00000
213,9,2021-11-04 16:58:18,2021-12-03 12:37:57,2489978.43,4500.00000
201,9,2021-11-04 16:58:18,2021-12-03 12:37:56,2489977.96,6570.00000
217,10,2021-11-04 16:58:18,2021-12-03 12:37:57,2489978.59,6400.00000
218,10,2021-11-04 16:58:18,2021-12-03 12:37:57,2489978.63,9300.00000
220,10,2021-11-04 16:58:18,2021-12-03 12:37:57,2489978.71,9000.00000
221,10,2021-11-04 16:58:18,2021-12-03 12:37:57,2489978.75,8500.00000
222,10,2021-11-04 16:58:18,2021-12-03 12:37:57,2489978.79,9900.00000
223,10,2021-11-04 16:58:18,2021-12-03 12:37:57,2489978.83,8900.00000
224,10,2021-11-04 16:58:18,2021-12-03 12:37:57,2489978.88,3900.00000
225,10,2021-11-04 16:58:18,2021-12-03 12:37:57,2489978.92,6800.00000
226,10,2021-11-04 16:58:19,2021-12-03 12:37:57,2489978.96,1100.00000
219,10,2021-11-04 16:58:18,2021-12-03 12:37:57,2489978.67,1100.00000
230,10,2021-11-04 16:58:19,2021-12-03 12:37:58,2489979.13,9300.00000
233,10,2021-11-04 16:58:19,2021-12-03 12:37:58,2489979.26,2900.00000
231,10,2021-11-04 16:58:19,2021-12-03 12:37:58,2489979.17,7200.00000
234,10,2021-11-04 16:58:19,2021-12-03 12:37:58,2489979.30,1400.00000
235,10,2021-11-04 16:58:19,2021-12-03 12:37:58,2489979.34,2500.00000
236,10,2021-11-04 16:58:19,2021-12-03 12:37:58,2489979.38,8400.00000
237,10,2021-11-04 16:58:19,2021-12-03 12:37:58,2489979.42,400.00000
238,10,2021-11-04 16:58:19,2021-12-03 12:37:58,2489979.47,3200.00000
239,10,2021-11-04 16:58:19,2021-12-03 12:37:58,2489979.52,4600.00000
232,10,2021-11-04 16:58:19,2021-12-03 12:37:58,2489979.21,9500.00000
241,10,2021-11-04 16:58:19,2021-12-03 12:37:58,2489979.60,6300.00000
247,10,2021-11-04 16:58:19,2021-12-03 12:37:59,2489979.85,3300.00000
244,10,2021-11-04 16:58:19,2021-12-03 12:37:59,2489979.73,8400.00000
248,10,2021-11-04 16:58:19,2021-12-03 12:37:59,2489979.89,900.00000
249,10,2021-11-04 16:58:19,2021-12-03 12:37:59,2489979.93,8000.00000
625,24,2021-11-04 16:58:27,2021-12-03 12:38:24,2489997.18,22080.00000
245,10,2021-11-04 16:58:19,2021-12-03 12:37:59,2489979.77,6200.00000
246,10,2021-11-04 16:58:19,2021-12-03 12:37:59,2489979.81,1400.00000
254,10,2021-11-04 16:58:19,2021-12-03 12:37:59,2489980.23,1500.00000
255,10,2021-11-04 16:58:19,2021-12-03 12:37:59,2489980.29,2000.00000
257,10,2021-11-04 16:58:19,2021-12-03 12:38:00,2489980.39,4000.00000
258,10,2021-11-04 16:58:19,2021-12-03 12:38:00,2489980.45,8100.00000
259,10,2021-11-04 16:58:19,2021-12-03 12:38:00,2489980.48,5300.00000
260,10,2021-11-04 16:58:19,2021-12-03 12:38:00,2489980.52,3800.00000
261,10,2021-11-04 16:58:19,2021-12-03 12:38:00,2489980.56,1400.00000
265,10,2021-11-04 16:58:19,2021-12-03 12:38:00,2489980.74,600.00000
266,10,2021-11-04 16:58:19,2021-12-03 12:38:00,2489980.79,9400.00000
269,10,2021-11-04 16:58:19,2021-12-03 12:38:00,2489980.93,2600.00000
270,11,2021-11-04 16:58:19,2021-12-03 12:38:00,2489980.98,3080.00000
271,11,2021-11-04 16:58:19,2021-12-03 12:38:00,2489981.02,5500.00000
272,11,2021-11-04 16:58:19,2021-12-03 12:38:00,2489981.06,7590.00000
273,11,2021-11-04 16:58:19,2021-12-03 12:38:01,2489981.11,1100.00000
274,11,2021-11-04 16:58:19,2021-12-03 12:38:01,2489981.15,8690.00000
631,25,2021-11-04 16:58:27,2021-12-03 12:38:24,2489997.42,10250.00000
267,10,2021-11-04 16:58:19,2021-12-03 12:38:00,2489980.83,1400.00000
268,10,2021-11-04 16:58:19,2021-12-03 12:38:00,2489980.88,9000.00000
277,11,2021-11-04 16:58:20,2021-12-03 12:38:01,2489981.29,8360.00000
278,11,2021-11-04 16:58:20,2021-12-03 12:38:01,2489981.33,8470.00000
279,11,2021-11-04 16:58:20,2021-12-03 12:38:01,2489981.38,2200.00000
280,11,2021-11-04 16:58:20,2021-12-03 12:38:01,2489981.42,3190.00000
281,11,2021-11-04 16:58:20,2021-12-03 12:38:01,2489981.47,220.00000
282,11,2021-11-04 16:58:20,2021-12-03 12:38:01,2489981.51,8250.00000
283,11,2021-11-04 16:58:20,2021-12-03 12:38:01,2489981.55,8580.00000
284,11,2021-11-04 16:58:20,2021-12-03 12:38:01,2489981.60,4510.00000
286,11,2021-11-04 16:58:20,2021-12-03 12:38:01,2489981.69,2310.00000
287,11,2021-11-04 16:58:20,2021-12-03 12:38:01,2489981.73,4730.00000
276,11,2021-11-04 16:58:20,2021-12-03 12:38:01,2489981.24,8140.00000
291,11,2021-11-04 16:58:20,2021-12-03 12:38:02,2489981.88,10780.00000
292,11,2021-11-04 16:58:20,2021-12-03 12:38:02,2489981.93,9130.00000
293,11,2021-11-04 16:58:20,2021-12-03 12:38:02,2489981.97,9900.00000
294,11,2021-11-04 16:58:20,2021-12-03 12:38:02,2489982.01,9240.00000
295,11,2021-11-04 16:58:20,2021-12-03 12:38:02,2489982.06,220.00000
296,11,2021-11-04 16:58:20,2021-12-03 12:38:02,2489982.10,7370.00000
297,11,2021-11-04 16:58:20,2021-12-03 12:38:02,2489982.15,2420.00000
298,11,2021-11-04 16:58:20,2021-12-03 12:38:02,2489982.20,9020.00000
299,11,2021-11-04 16:58:20,2021-12-03 12:38:02,2489982.24,10340.00000
300,11,2021-11-04 16:58:20,2021-12-03 12:38:02,2489982.27,3740.00000
290,11,2021-11-04 16:58:20,2021-12-03 12:38:02,2489981.84,7040.00000
303,11,2021-11-04 16:58:20,2021-12-03 12:38:02,2489982.38,3080.00000
304,11,2021-11-04 16:58:20,2021-12-03 12:38:03,2489982.45,8800.00000
305,11,2021-11-04 16:58:20,2021-12-03 12:38:03,2489982.50,5170.00000
306,11,2021-11-04 16:58:20,2021-12-03 12:38:03,2489982.54,4730.00000
307,11,2021-11-04 16:58:20,2021-12-03 12:38:03,2489982.59,6270.00000
308,11,2021-11-04 16:58:20,2021-12-03 12:38:03,2489982.64,220.00000
309,11,2021-11-04 16:58:20,2021-12-03 12:38:03,2489982.69,2750.00000
310,11,2021-11-04 16:58:20,2021-12-03 12:38:03,2489982.74,5060.00000
311,11,2021-11-04 16:58:20,2021-12-03 12:38:03,2489982.78,5940.00000
312,11,2021-11-04 16:58:20,2021-12-03 12:38:03,2489982.83,3080.00000
313,11,2021-11-04 16:58:20,2021-12-03 12:38:03,2489982.87,10120.00000
302,11,2021-11-04 16:58:20,2021-12-03 12:38:02,2489982.35,6820.00000
316,11,2021-11-04 16:58:20,2021-12-03 12:38:03,2489983.00,10450.00000
317,11,11-2011-04 16:58:20,2021-12-03 12:38:03,2489983.04,10010.00000
318,11,2021-11-04 16:58:20,2021-12-03 12:38:03,2489983.08,4620.00000
320,11,2021-11-04 16:58:20,2021-12-03 12:38:04,2489983.17,2530.00000
321,11,2021-11-04 16:58:20,2021-12-03 12:38:04,2489983.22,7150.00000
322,11,2021-11-04 16:58:20,2021-12-03 12:38:04,2489983.26,8250.00000
323,12,2021-11-04 16:58:20,2021-12-03 12:38:04,2489983.29,4920.00000
324,12,2021-11-04 16:58:21,2021-12-03 12:38:04,2489983.33,7680.00000
325,12,2021-11-04 16:58:21,2021-12-03 12:38:04,2489983.36,3240.00000
326,12,2021-11-04 16:58:21,2021-12-03 12:38:04,2489983.41,10800.00000
315,11,2021-11-04 16:58:20,2021-12-03 12:38:03,2489982.95,2970.00000
330,12,2021-11-04 16:58:21,2021-12-03 12:38:04,2489983.59,5880.00000
331,12,2021-11-04 16:58:21,2021-12-03 12:38:04,2489983.63,10440.00000
332,12,2021-11-04 16:58:21,2021-12-03 12:38:04,2489983.68,10920.00000
333,12,2021-11-04 16:58:21,2021-12-03 12:62:04,2489983.73,6120.00000
334,12,2021-11-04 16:58:21,2021-12-03 12:38:04,2489983.77,7080.00000
335,12,2021-11-04 16:58:21,2021-12-03 12:38:05,2489983.81,7320.00000
336,12,2021-11-04 16:58:21,2021-12-03 12:38:05,2489983.86,960.00000
337,12,2021-11-04 16:58:21,2021-12-03 12:38:05,2489983.91,4800.00000
338,12,2021-11-04 16:58:21,2021-12-03 12:38:05,2489983.95,2160.00000
339,12,2021-11-04 16:58:21,2021-12-03 12:38:05,2489983.99,11880.00000
340,12,2021-11-04 16:58:21,2021-12-03 12:38:05,2489984.17,10080.00000
329,12,2021-11-04 16:58:21,2021-12-03 12:38:04,2489983.54,11760.00000
343,12,2021-11-04 16:58:21,2021-12-03 12:38:05,2489984.57,240.00000
344,12,2021-11-04 16:58:21,2021-12-03 12:38:06,2489984.62,6360.00000
346,12,2021-11-04 16:58:21,2021-12-03 12:38:06,2489984.71,4800.00000
347,12,2021-11-04 16:58:21,2021-12-03 12:38:06,2489984.76,4080.00000
348,12,2021-11-04 16:58:21,2021-12-03 12:38:06,2489984.80,11520.00000
350,12,2021-11-04 16:58:21,2021-12-03 12:38:06,2489984.86,4200.00000
363,13,2021-11-04 16:58:21,2021-12-03 12:38:07,2489985.41,3900.00000
364,13,2021-11-04 16:58:21,2021-12-03 12:38:07,2489985.45,650.00000
354,13,2021-11-04 16:58:21,2021-12-03 12:38:06,2489985.03,12870.00000
355,13,2021-11-04 16:58:21,2021-12-03 12:38:06,2489985.07,6500.00000
356,13,2021-11-04 16:58:21,2021-12-03 12:38:06,2489985.12,12740.00000
357,13,2021-11-04 16:58:21,2021-12-03 12:38:06,2489985.16,11050.00000
358,13,2021-11-04 16:58:21,2021-12-03 12:38:06,2489985.20,7800.00000
360,13,2021-11-04 16:58:21,2021-12-03 12:38:07,2489985.29,5590.00000
361,13,2021-11-04 16:58:21,2021-12-03 12:38:07,2489985.33,11180.00000
362,13,2021-11-04 16:58:21,2021-12-03 12:38:07,2489985.37,0.00000
359,13,2021-11-04 16:58:21,2021-12-03 12:38:07,2489985.25,9880.00000
352,13,2021-11-04 16:58:21,2021-12-03 12:38:06,2489984.94,11700.00000
353,13,2021-11-04 16:58:21,2021-12-03 12:38:06,2489984.98,11180.00000
367,13,2021-11-04 16:58:21,2021-12-03 12:38:07,2489985.59,5590.00000
369,13,2021-11-04 16:58:21,2021-12-03 12:38:07,2489985.68,3770.00000
370,13,2021-11-04 16:58:21,2021-12-03 12:38:07,2489985.72,7280.00000
371,13,2021-11-04 16:58:21,2021-12-03 12:38:07,2489985.76,1820.00000
372,13,2021-11-04 16:58:21,2021-12-03 12:38:07,2489985.81,3380.00000
373,13,2021-11-04 16:58:22,2021-12-03 12:38:07,2489985.85,2470.00000
374,13,2021-11-04 16:58:22,2021-12-03 12:38:07,2489985.90,2080.00000
375,13,2021-11-04 16:58:22,2021-12-03 12:38:07,2489985.94,5200.00000
376,13,2021-11-04 16:58:22,2021-12-03 12:38:08,2489985.98,6500.00000
377,13,2021-11-04 16:58:22,2021-12-03 12:38:08,2489986.02,7670.00000
366,13,2021-11-04 16:58:21,2021-12-03 12:38:07,2489985.54,4160.00000
381,13,2021-11-04 16:58:22,2021-12-03 12:38:08,2489986.19,4290.00000
379,13,2021-11-04 16:58:22,2021-12-03 12:38:08,2489986.10,3120.00000
382,13,2021-11-04 16:58:22,2021-12-03 12:38:08,2489986.23,9880.00000
383,13,2021-11-04 16:58:22,2021-12-03 12:38:08,2489986.27,2730.00000
384,13,2021-11-04 16:58:22,2021-12-03 12:38:08,2489986.32,5330.00000
385,13,2021-11-04 16:58:22,2021-12-03 12:38:08,2489986.36,5590.00000
386,13,2021-11-04 16:58:22,2021-12-03 12:38:08,2489986.41,6760.00000
387,13,2021-11-04 16:58:22,2021-12-03 12:38:08,2489986.45,12870.00000
389,13,2021-11-04 16:58:22,2021-12-03 12:38:08,2489986.54,5330.00000
390,13,2021-11-04 16:58:22,2021-12-03 12:38:08,2489986.58,10400.00000
380,13,2021-11-04 16:58:22,2021-12-03 12:38:08,2489986.14,4680.00000
393,13,2021-11-04 16:58:22,2021-12-03 12:38:09,2489986.71,9230.00000
392,13,2021-11-04 16:58:22,2021-12-03 12:38:09,2489986.66,9230.00000
395,13,2021-11-04 16:58:22,2021-12-03 12:38:09,2489986.79,3640.00000
396,13,2021-11-04 16:58:22,2021-12-03 12:38:09,2489986.82,12350.00000
397,13,2021-11-04 16:58:22,2021-12-03 12:38:09,2489986.86,10400.00000
398,13,2021-11-04 16:58:22,2021-12-03 12:38:09,2489986.91,11440.00000
399,13,2021-11-04 16:58:22,2021-12-03 12:38:09,2489986.96,6110.00000
400,13,2021-11-04 16:58:22,2021-12-03 12:38:09,2489987.01,8320.00000
401,13,2021-11-04 16:58:22,2021-12-03 12:38:09,2489987.05,1300.00000
402,13,2021-11-04 16:58:22,2021-12-03 12:38:09,2489987.10,7150.00000
403,13,2021-11-04 16:58:22,2021-12-03 12:38:09,2489987.15,5070.00000
405,13,2021-11-04 16:58:22,2021-12-03 12:38:09,2489987.24,2340.00000
418,14,2021-11-04 16:58:22,2021-12-03 12:38:10,2489987.81,6860.00000
404,13,2021-11-04 16:58:22,2021-12-03 12:38:09,2489987.20,7150.00000
411,14,2021-11-04 16:58:22,2021-12-03 12:38:10,2489987.49,10920.00000
412,14,2021-11-04 16:58:22,2021-12-03 12:38:10,2489987.52,3220.00000
413,14,2021-11-04 16:58:22,2021-12-03 12:38:10,2489987.57,7560.00000
414,14,2021-11-04 16:58:22,2021-12-03 12:38:10,2489987.62,560.00000
415,14,2021-11-04 16:58:22,2021-12-03 12:38:10,2489987.66,8680.00000
416,14,2021-11-04 16:58:22,2021-12-03 12:38:10,2489987.71,12460.00000
417,14,2021-11-04 16:58:22,2021-12-03 12:38:10,2489987.76,2660.00000
410,14,2021-11-04 16:58:22,2021-12-03 12:38:10,2489987.45,4340.00000
408,13,2021-11-04 16:58:22,2021-12-03 12:38:10,2489987.37,7280.00000
407,13,2021-11-04 16:58:22,2021-12-03 12:38:10,2489987.33,12090.00000
422,14,2021-11-04 16:58:23,2021-12-03 12:38:11,2489988.00,13020.00000
423,15,2021-11-04 16:58:23,2021-12-03 12:38:11,2489988.04,1200.00000
443,15,2021-11-04 16:58:23,2021-12-03 12:38:12,2489989.00,9900.00000
619,24,2021-11-04 16:58:27,2021-12-03 12:38:24,2489996.94,13440.00000
428,15,2021-11-04 16:58:23,2021-12-03 12:38:11,2489988.27,11550.00000
429,15,2021-11-04 16:58:23,2021-12-03 12:38:11,2489988.31,1500.00000
645,26,2021-11-04 16:58:27,2021-12-03 12:38:25,2489998.01,2340.00000
450,15,2021-11-04 16:58:23,2021-12-03 12:38:12,2489989.33,13650.00000
431,15,2021-11-04 16:58:23,2021-12-03 12:38:11,2489988.40,2550.00000
442,15,2021-11-04 16:58:23,2021-12-03 12:38:12,2489988.95,11100.00000
652,27,2021-11-04 16:58:28,2021-12-03 12:38:26,2489998.29,3510.00000
440,15,2021-11-04 16:58:23,2021-12-03 12:38:12,2489988.86,11850.00000
441,15,2021-11-04 16:58:23,2021-12-03 12:38:12,2489988.90,13500.00000
436,15,2021-11-04 16:58:23,2021-12-03 12:38:11,2489988.67,9600.00000
653,27,2021-11-04 16:58:28,2021-12-03 12:38:26,2489998.33,16470.00000
437,15,2021-11-04 16:58:23,2021-12-03 12:38:12,2489988.72,11850.00000
448,15,2021-11-04 16:58:23,2021-12-03 12:38:12,2489989.24,11700.00000
814,35,2021-11-04 16:58:31,2021-12-03 12:38:37,2490005.66,8050.00000
446,15,2021-11-04 16:58:23,2021-12-03 12:38:12,2489989.14,150.00000
447,15,2021-11-04 16:58:23,2021-12-03 12:38:12,2489989.19,5100.00000
454,15,2021-11-04 16:58:23,2021-12-03 12:38:13,2489989.51,12300.00000
457,15,2021-11-04 16:58:23,2021-12-03 12:38:13,2489989.64,10500.00000
523,19,2021-11-04 16:58:25,2021-12-03 12:38:17,2489992.59,9500.00000
654,27,2021-11-04 16:58:28,2021-12-03 12:38:26,2489998.38,13230.00000
818,35,2021-11-04 16:58:31,2021-12-03 12:38:37,2490005.87,26250.00000
820,35,2021-11-04 16:58:31,2021-12-03 12:38:37,2490005.96,6300.00000
588,23,2021-11-04 16:58:26,2021-12-03 12:38:22,2489995.50,16790.00000
596,23,2021-11-04 16:58:26,2021-12-03 12:38:22,2489995.88,11040.00000
601,23,2021-11-04 16:58:26,2021-12-03 12:38:22,2489996.11,23000.00000
603,23,2021-11-04 16:58:26,2021-12-03 12:38:23,2489996.20,14260.00000
608,23,2021-11-04 16:58:27,2021-12-03 12:38:23,2489996.42,18170.00000
613,23,2021-11-04 16:58:27,2021-12-03 12:38:23,2489996.67,14260.00000
708,31,2021-11-04 16:58:29,2021-12-03 12:38:30,2490000.60,2480.00000
599,23,2021-11-04 16:58:26,2021-12-03 12:38:22,2489996.02,11500.00000
621,24,2021-11-04 16:58:27,2021-12-03 12:38:24,2489997.02,20160.00000
826,35,2021-11-04 16:58:31,2021-12-03 12:38:37,2490006.25,12250.00000
524,19,2021-11-04 16:58:25,2021-12-03 12:38:17,2489992.63,7980.00000
842,36,2021-11-04 16:58:32,2021-12-03 12:38:39,2490007.02,30600.00000
846,36,2021-11-04 16:58:32,2021-12-03 12:38:39,2490007.20,6120.00000
854,36,2021-11-04 16:58:32,2021-12-03 12:38:39,2490007.57,27720.00000
699,31,2021-11-04 16:58:29,2021-12-03 12:38:29,2490000.20,7440.00000
507,18,2021-11-04 16:58:24,2021-12-03 12:38:16,2489991.88,8820.00000
655,27,2021-11-04 16:58:28,2021-12-03 12:38:26,2489998.42,25920.00000
858,36,2021-11-04 16:58:32,2021-12-03 12:38:40,2490007.74,23400.00000
661,29,2021-11-04 16:58:28,2021-12-03 12:38:26,2489998.65,1450.00000
517,19,2021-11-04 16:58:25,2021-12-03 12:38:17,2489992.32,7790.00000
702,31,2021-11-04 16:58:29,2021-12-03 12:38:29,2490000.35,5580.00000
704,31,2021-11-04 16:58:29,2021-12-03 12:38:29,2490000.43,12710.00000
624,24,2021-11-04 16:58:27,2021-12-03 12:38:24,2489997.14,21360.00000
626,24,2021-11-04 16:58:27,2021-12-03 12:38:24,2489997.22,240.00000
627,24,2021-11-04 16:58:27,2021-12-03 12:38:24,2489997.26,23760.00000
863,36,2021-11-04 16:58:32,2021-12-03 12:38:40,2490007.95,11880.00000
10,2,2021-11-04 16:58:14,2021-12-03 12:37:44,2489969.86,1340.00000
629,25,2021-11-04 16:58:27,2021-12-03 12:38:24,2489997.34,15000.00000
22,2,2021-11-04 16:58:14,2021-12-03 12:37:45,2489970.49,460.00000
23,2,2021-11-04 16:58:14,2021-12-03 12:37:45,2489970.54,40.00000
30,2,2021-11-04 16:58:14,2021-12-03 12:37:45,2489970.85,1940.00000
48,3,2021-11-04 16:58:15,2021-12-03 12:37:46,2489971.59,810.00000
49,3,2021-11-04 16:58:15,2021-12-03 12:37:46,2489971.64,300.00000
50,3,2021-11-04 16:58:15,2021-12-03 12:37:47,2489971.68,990.00000
55,3,2021-11-04 16:58:15,2021-12-03 12:37:47,2489971.89,2370.00000
634,25,2021-11-04 16:58:27,2021-12-03 12:38:25,2489997.55,6750.00000
635,26,2021-11-04 16:58:27,2021-12-03 12:38:25,2489997.59,17160.00000
667,29,2021-11-04 16:58:28,2021-12-03 12:38:27,2489998.89,13920.00000
636,26,2021-11-04 16:58:27,2021-12-03 12:38:25,2489997.63,22360.00000
670,30,2021-11-04 16:58:28,2021-12-03 12:38:27,2489999.01,9600.00000
520,19,2021-11-04 16:58:25,2021-12-03 12:38:17,2489992.46,17290.00000
638,26,2021-11-04 16:58:27,2021-12-03 12:38:25,2489997.71,2860.00000
639,26,2021-11-04 16:58:27,2021-12-03 12:38:25,2489997.76,6760.00000
637,26,2021-11-04 16:58:27,2021-12-03 12:38:25,2489997.67,13260.00000
641,26,2021-11-04 16:58:27,2021-12-03 12:38:25,2489997.85,12480.00000
644,26,2021-11-04 16:58:27,2021-12-03 12:38:25,2489997.97,15080.00000
646,26,2021-11-04 16:58:27,2021-12-03 12:38:25,2489998.05,13000.00000
648,26,2021-11-04 16:58:27,2021-12-03 12:38:26,2489998.13,3380.00000
643,26,2021-11-04 16:58:27,2021-12-03 12:38:25,2489997.94,15600.00000
649,27,2021-11-04 16:58:27,2021-12-03 12:38:26,2489998.17,17820.00000
674,31,2021-11-04 16:58:28,2021-12-03 12:38:27,2489999.18,14260.00000
60,3,2021-11-04 16:58:15,2021-12-03 12:37:47,2489972.10,2670.00000
62,3,2021-11-04 16:58:15,2021-12-03 12:37:47,2489972.20,2460.00000
72,4,2021-11-04 16:58:15,2021-12-03 12:37:48,2489972.59,1320.00000
74,4,2021-11-04 16:58:15,2021-12-03 12:37:48,2489972.67,360.00000
522,19,2021-11-04 16:58:25,2021-12-03 12:38:17,2489992.54,7220.00000
672,30,2021-11-04 16:58:28,2021-12-03 12:38:27,2489999.09,12000.00000
656,27,2021-11-04 16:58:28,2021-12-03 12:38:26,2489998.46,17010.00000
673,30,2021-11-04 16:58:28,2021-12-03 12:38:27,2489999.15,18900.00000
658,28,2021-11-04 16:58:28,2021-12-03 12:38:26,2489998.54,11760.00000
501,18,2021-11-04 16:58:24,2021-12-03 12:38:16,2489991.60,15840.00000
659,28,2021-11-04 16:58:28,2021-12-03 12:38:26,2489998.58,20440.00000
665,29,2021-11-04 16:58:28,2021-12-03 12:38:27,2489998.82,14210.00000
664,29,2021-11-04 16:58:28,2021-12-03 12:38:27,2489998.78,28130.00000
510,18,2021-11-04 16:58:24,2021-12-03 12:38:16,2489992.02,540.00000
724,32,2021-11-04 16:58:29,2021-12-03 12:38:31,2490001.29,1280.00000
90,6,2021-11-04 16:58:16,2021-12-03 12:37:49,2489973.29,3360.00000
736,32,2021-11-04 16:58:30,2021-12-03 12:38:31,2490001.87,24320.00000
91,6,2021-11-04 16:58:16,2021-12-03 12:37:49,2489973.33,4740.00000
100,6,2021-11-04 16:58:16,2021-12-03 12:37:50,2489973.72,4740.00000
746,33,2021-11-04 16:58:30,2021-12-03 12:38:32,2490002.33,15180.00000
668,29,2021-11-04 16:58:28,2021-12-03 12:38:27,2489998.93,9570.00000
738,33,2021-11-04 16:58:30,2021-12-03 12:38:32,2490001.95,24420.00000
741,33,2021-11-04 16:58:30,2021-12-03 12:38:32,2490002.09,20790.00000
529,20,2021-11-04 16:58:25,2021-12-03 12:38:18,2489992.83,800.00000
530,20,2021-11-04 16:58:25,2021-12-03 12:38:18,2489992.87,2200.00000
531,20,2021-11-04 16:58:25,2021-12-03 12:38:18,2489992.92,8400.00000
812,35,2021-11-04 16:58:31,2021-12-03 12:38:37,2490005.57,22400.00000
535,20,2021-11-04 16:58:25,2021-12-03 12:38:18,2489993.10,5000.00000
102,6,2021-11-04 16:58:16,2021-12-03 12:37:50,2489973.82,3600.00000
105,7,2021-11-04 16:58:16,2021-12-03 12:37:50,2489973.94,1470.00000
813,35,2021-11-04 16:58:31,2021-12-03 12:38:37,2490005.62,6300.00000
549,20,2021-11-04 16:58:25,2021-12-03 12:38:19,2489993.73,1000.00000
108,7,2021-11-04 16:58:16,2021-12-03 12:37:50,2489974.07,2380.00000
817,35,2021-11-04 16:58:31,2021-12-03 12:38:37,2490005.83,3150.00000
111,7,2021-11-04 16:58:16,2021-12-03 12:37:50,2489974.20,5390.00000
553,20,2021-11-04 16:58:25,2021-12-03 12:38:19,2489993.94,2600.00000
113,7,2021-11-04 16:58:16,2021-12-03 12:37:50,2489974.26,840.00000
345,12,2021-11-04 16:58:21,2021-12-03 12:38:06,2489984.66,2760.00000
555,20,2021-11-04 16:58:25,2021-12-03 12:38:19,2489994.03,15800.00000
821,35,2021-11-04 16:58:31,2021-12-03 12:38:37,2490006.01,22400.00000
557,20,2021-11-04 16:58:25,2021-12-03 12:38:20,2489994.12,18200.00000
103,6,2021-11-04 16:58:16,2021-12-03 12:37:50,2489973.86,3060.00000
822,35,2021-11-04 16:58:31,2021-12-03 12:38:37,2490006.06,12950.00000
560,20,2021-11-04 16:58:25,2021-12-03 12:38:20,2489994.26,1000.00000
559,20,2021-11-04 16:58:25,2021-12-03 12:38:20,2489994.21,3800.00000
7,2,2021-11-04 16:58:14,2021-12-03 12:37:44,2489969.74,1400.00000
115,7,2021-11-04 16:58:16,2021-12-03 12:37:51,2489974.35,6090.00000
765,33,2021-11-04 16:58:30,2021-12-03 12:38:33,2490003.26,8910.00000
768,33,2021-11-04 16:58:30,2021-12-03 12:38:34,2490003.41,11880.00000
117,7,2021-11-04 16:58:16,2021-12-03 12:37:51,2489974.43,6720.00000
568,21,2021-11-04 16:58:26,2021-12-03 12:38:20,2489994.61,13650.00000
771,33,2021-11-04 16:58:30,2021-12-03 12:38:34,2490003.56,3960.00000
775,33,2021-11-04 16:58:30,2021-12-03 12:38:34,2490003.75,13530.00000
773,33,2021-11-04 16:58:30,2021-12-03 12:38:34,2490003.65,20790.00000
104,7,2021-11-04 16:58:16,2021-12-03 12:37:50,2489973.90,3850.00000
562,20,2021-11-04 16:58:26,2021-12-03 12:38:20,2489994.34,16600.00000
571,21,2021-11-04 16:58:26,2021-12-03 12:38:20,2489994.73,17850.00000
781,34,2021-11-04 16:58:30,2021-12-03 12:38:34,2490004.04,10540.00000
563,20,2021-11-04 16:58:26,2021-12-03 12:38:20,2489994.39,4200.00000
744,33,2021-11-04 16:58:30,2021-12-03 12:38:32,2490002.23,19800.00000
574,21,2021-11-04 16:58:26,2021-12-03 12:38:21,2489994.86,12810.00000
721,32,2021-11-04 16:58:29,2021-12-03 12:38:31,2490001.15,13120.00000
577,21,2021-11-04 16:58:26,2021-12-03 12:38:21,2489995.00,19950.00000
677,31,2021-11-04 16:58:28,2021-12-03 12:38:28,2489999.29,16430.00000
579,21,2021-11-04 16:58:26,2021-12-03 12:38:21,2489995.10,11340.00000
580,22,2021-11-04 16:58:26,2021-12-03 12:38:21,2489995.14,15400.00000
676,31,2021-11-04 16:58:28,2021-12-03 12:38:27,2489999.26,31000.00000
434,15,2021-11-04 16:58:23,2021-12-03 12:38:11,2489988.55,2100.00000
92,6,2021-11-04 16:58:16,2021-12-03 12:37:49,2489973.38,5040.00000
581,22,2021-11-04 16:58:26,2021-12-03 12:38:21,2489995.18,2860.00000
435,15,2021-11-04 16:58:23,2021-12-03 12:38:11,2489988.62,13800.00000
583,22,2021-11-04 16:58:26,2021-12-03 12:38:21,2489995.27,11660.00000
584,22,2021-11-04 16:58:26,2021-12-03 12:38:21,2489995.32,11880.00000
590,23,2021-11-04 16:58:26,2021-12-03 12:38:22,2489995.60,4600.00000
95,6,2021-11-04 16:58:16,2021-12-03 12:37:49,2489973.51,5640.00000
582,22,2021-11-04 16:58:26,2021-12-03 12:38:21,2489995.23,15180.00000
439,15,2021-11-04 16:58:23,2021-12-03 12:38:12,2489988.81,4050.00000
592,23,2021-11-04 16:58:26,2021-12-03 12:38:22,2489995.69,14720.00000
97,6,2021-11-04 16:58:16,2021-12-03 12:37:49,2489973.59,2700.00000
452,15,2021-11-04 16:58:23,2021-12-03 12:38:13,2489989.42,450.00000
586,23,2021-11-04 16:58:26,2021-12-03 12:38:21,2489995.41,2530.00000
591,23,2021-11-04 16:58:26,2021-12-03 12:38:22,2489995.65,15180.00000
455,15,2021-11-04 16:58:23,2021-12-03 12:38:13,2489989.56,7050.00000
681,31,2021-11-04 16:58:28,2021-12-03 12:38:28,2489999.45,11470.00000
823,35,2021-11-04 16:58:31,2021-12-03 12:38:37,2490006.11,3500.00000
589,23,2021-11-04 16:58:26,2021-12-03 12:38:22,2489995.55,6210.00000
593,23,2021-11-04 16:58:26,2021-12-03 12:38:22,2489995.74,13570.00000
98,6,2021-11-04 16:58:16,2021-12-03 12:37:49,2489973.63,1380.00000
594,23,2021-11-04 16:58:26,2021-12-03 12:38:22,2489995.79,13340.00000
595,23,2021-11-04 16:58:26,2021-12-03 12:38:22,2489995.83,17940.00000
598,23,2021-11-04 16:58:26,2021-12-03 12:38:22,2489995.97,16560.00000
460,16,2021-11-04 16:58:23,2021-12-03 12:38:13,2489989.76,10560.00000
110,7,2021-11-04 16:58:16,2021-12-03 12:37:50,2489974.15,4130.00000
470,16,2021-11-04 16:58:24,2021-12-03 12:38:14,2489990.22,14720.00000
471,16,2021-11-04 16:58:24,2021-12-03 12:38:14,2489990.26,15680.00000
472,16,2021-11-04 16:58:24,2021-12-03 12:38:14,2489990.31,13600.00000
473,16,2021-11-04 16:58:24,2021-12-03 12:38:14,2489990.36,9440.00000
606,23,2021-11-04 16:58:26,2021-12-03 12:38:23,2489996.33,11730.00000
1,1,2021-11-04 16:58:14,2021-12-03 12:37:43,2489969.49,990.00000
475,16,2021-11-04 16:58:24,2021-12-03 12:38:14,2489990.45,6080.00000
605,23,2021-11-04 16:58:26,2021-12-03 12:38:23,2489996.29,9890.00000
477,16,2021-11-04 16:58:24,2021-12-03 12:38:14,2489990.55,13920.00000
612,23,2021-11-04 16:58:27,2021-12-03 12:38:23,2489996.61,12650.00000
2,1,2021-11-04 16:58:14,2021-12-03 12:37:43,2489969.53,620.00000
11,2,2021-11-04 16:58:14,2021-12-03 12:37:44,2489969.90,40.00000
12,2,2021-11-04 16:58:14,2021-12-03 12:37:44,2489969.94,80.00000
14,2,2021-11-04 16:58:14,2021-12-03 12:37:44,2489970.02,1260.00000
609,23,2021-11-04 16:58:27,2021-12-03 12:38:23,2489996.46,6900.00000
610,23,2021-11-04 16:58:27,2021-12-03 12:38:23,2489996.52,2990.00000
611,23,2021-11-04 16:58:27,2021-12-03 12:38:23,2489996.56,20240.00000
620,24,2021-11-04 16:58:27,2021-12-03 12:38:24,2489996.97,9840.00000
633,25,2021-11-04 16:58:27,2021-12-03 12:38:25,2489997.51,18750.00000
119,7,2021-11-04 16:58:16,2021-12-03 12:37:51,2489974.52,2800.00000
615,23,2021-11-04 16:58:27,2021-12-03 12:38:23,2489996.76,7590.00000
616,23,2021-11-04 16:58:27,2021-12-03 12:38:23,2489996.81,1150.00000
618,24,2021-11-04 16:58:27,2021-12-03 12:38:24,2489996.89,5040.00000
689,31,2021-11-04 16:58:29,2021-12-03 12:38:28,2489999.77,29760.00000
120,7,2021-11-04 16:58:16,2021-12-03 12:37:51,2489974.56,6510.00000
121,7,2021-11-04 16:58:16,2021-12-03 12:37:51,2489974.60,3360.00000
479,17,2021-11-04 16:58:24,2021-12-03 12:38:14,2489990.64,5950.00000
36,2,2021-11-04 16:58:15,2021-12-03 12:37:46,2489971.11,140.00000
37,2,2021-11-04 16:58:15,2021-12-03 12:37:46,2489971.15,960.00000
44,3,2021-11-04 16:58:15,2021-12-03 12:37:46,2489971.44,1080.00000
480,17,2021-11-04 16:58:24,2021-12-03 12:38:14,2489990.68,6800.00000
566,21,2021-11-04 16:58:26,2021-12-03 12:38:20,2489994.52,7140.00000
59,3,2021-11-04 16:58:15,2021-12-03 12:37:47,2489972.06,30.00000
567,21,2021-11-04 16:58:26,2021-12-03 12:38:20,2489994.56,3360.00000
853,36,2021-11-04 16:58:32,2021-12-03 12:38:39,2490007.53,26280.00000
481,17,2021-11-04 16:58:24,2021-12-03 12:38:14,2489990.72,8840.00000
572,21,2021-11-04 16:58:26,2021-12-03 12:38:21,2489994.77,13860.00000
85,5,2021-11-04 16:58:16,2021-12-03 12:37:49,2489973.12,1100.00000
158,8,2021-11-04 16:58:17,2021-12-03 12:37:53,2489976.13,160.00000
174,9,2021-11-04 16:58:17,2021-12-03 12:37:54,2489976.83,3600.00000
176,9,2021-11-04 16:58:17,2021-12-03 12:37:54,2489976.92,8550.00000
187,9,2021-11-04 16:58:18,2021-12-03 12:37:55,2489977.37,8640.00000
856,36,2021-11-04 16:58:32,2021-12-03 12:38:39,2490007.65,21240.00000
438,15,2021-11-04 16:58:23,2021-12-03 12:38:12,2489988.76,10200.00000
93,6,2021-11-04 16:58:16,2021-12-03 12:37:49,2489973.42,3480.00000
573,21,2021-11-04 16:58:26,2021-12-03 12:38:21,2489994.81,2100.00000
445,15,2021-11-04 16:58:23,2021-12-03 12:38:12,2489989.10,13650.00000
857,36,2021-11-04 16:58:32,2021-12-03 12:38:40,2490007.70,7560.00000
453,15,2021-11-04 16:58:23,2021-12-03 12:38:13,2489989.46,1800.00000
576,21,2021-11-04 16:58:26,2021-12-03 12:38:21,2489994.95,7980.00000
859,36,2021-11-04 16:58:32,2021-12-03 12:38:40,2490007.77,14760.00000
585,23,2021-11-04 16:58:26,2021-12-03 12:38:21,2489995.36,10350.00000
189,9,2021-11-04 16:58:18,2021-12-03 12:37:55,2489977.47,8460.00000
587,23,2021-11-04 16:58:26,2021-12-03 12:38:22,2489995.45,10120.00000
682,31,2021-11-04 16:58:28,2021-12-03 12:38:28,2489999.49,11780.00000
486,17,2021-11-04 16:58:24,2021-12-03 12:38:15,2489990.96,5270.00000
597,23,2021-11-04 16:58:26,2021-12-03 12:38:22,2489995.92,11500.00000
200,9,2021-11-04 16:58:18,2021-12-03 12:37:56,2489977.92,5490.00000
824,35,2021-11-04 16:58:31,2021-12-03 12:38:37,2490006.16,21350.00000
827,35,2021-11-04 16:58:31,2021-12-03 12:38:38,2490006.30,7350.00000
202,9,2021-11-04 16:58:18,2021-12-03 12:37:56,2489978.00,1620.00000
214,9,2021-11-04 16:58:18,2021-12-03 12:37:57,2489978.48,540.00000
861,36,2021-11-04 16:58:32,2021-12-03 12:38:40,2490007.86,31680.00000
459,16,2021-11-04 16:58:23,2021-12-03 12:38:13,2489989.71,7040.00000
227,10,2021-11-04 16:58:19,2021-12-03 12:37:58,2489979.00,4400.00000
602,23,2021-11-04 16:58:26,2021-12-03 12:38:23,2489996.16,8740.00000
604,23,2021-11-04 16:58:26,2021-12-03 12:38:23,2489996.24,230.00000
614,23,2021-11-04 16:58:27,2021-12-03 12:38:23,2489996.71,4140.00000
862,36,2021-11-04 16:58:32,2021-12-03 12:38:40,2490007.90,23760.00000
487,17,2021-11-04 16:58:24,2021-12-03 12:38:15,2489991.00,6970.00000
228,10,2021-11-04 16:58:19,2021-12-03 12:37:58,2489979.04,6300.00000
240,10,2021-11-04 16:58:19,2021-12-03 12:37:58,2489979.56,7500.00000
772,33,2021-11-04 16:58:30,2021-12-03 12:38:34,2490003.61,28380.00000
866,36,2021-11-04 16:58:32,2021-12-03 12:38:40,2490008.09,32040.00000
250,10,2021-11-04 16:58:19,2021-12-03 12:37:59,2489979.98,7100.00000
262,10,2021-11-04 16:58:19,2021-12-03 12:38:00,2489980.60,9200.00000
252,10,2021-11-04 16:58:19,2021-12-03 12:37:59,2489980.05,1800.00000
794,34,2021-11-04 16:58:31,2021-12-03 12:38:35,2490004.68,28220.00000
795,34,2021-11-04 16:58:31,2021-12-03 12:38:35,2490004.73,12580.00000
770,33,2021-11-04 16:58:30,2021-12-03 12:38:34,2490003.51,30360.00000
796,34,2021-11-04 16:58:31,2021-12-03 12:38:35,2490004.78,30600.00000
797,34,2021-11-04 16:58:31,2021-12-03 12:38:36,2490004.83,8160.00000
578,21,2021-11-04 16:58:26,2021-12-03 12:38:21,2489995.05,20580.00000
776,33,2021-11-04 16:58:30,2021-12-03 12:38:34,2490003.80,2970.00000
777,33,2021-11-04 16:58:30,2021-12-03 12:38:34,2490003.85,4620.00000
778,33,2021-11-04 16:58:30,2021-12-03 12:38:34,2490003.90,19470.00000
798,34,2021-11-04 16:58:31,2021-12-03 12:38:36,2490004.88,31620.00000
799,34,2021-11-04 16:58:31,2021-12-03 12:38:36,2490004.93,31620.00000
800,34,2021-11-04 16:58:31,2021-12-03 12:38:36,2490004.98,2040.00000
801,34,2021-11-04 16:58:31,2021-12-03 12:38:36,2490005.03,29580.00000
802,34,2021-11-04 16:58:31,2021-12-03 12:38:36,2490005.08,27540.00000
803,34,2021-11-04 16:58:31,2021-12-03 12:38:36,2490005.13,25840.00000
804,34,2021-11-04 16:58:31,2021-12-03 12:38:36,2490005.18,3060.00000
805,34,2021-11-04 16:58:31,2021-12-03 12:38:36,2490005.23,17000.00000
806,34,2021-11-04 16:58:31,2021-12-03 12:38:36,2490005.27,12920.00000
807,34,2021-11-04 16:58:31,2021-12-03 12:38:36,2490005.32,25840.00000
774,33,2021-11-04 16:58:30,2021-12-03 12:38:34,2490003.70,32340.00000
808,35,2021-11-04 16:58:31,2021-12-03 12:38:36,2490005.37,18550.00000
809,35,2021-11-04 16:58:31,2021-12-03 12:38:36,2490005.42,5950.00000
848,36,2021-11-04 16:58:32,2021-12-03 12:38:39,2490007.30,28080.00000
843,36,2021-11-04 16:58:32,2021-12-03 12:38:39,2490007.07,15840.00000
844,36,2021-11-04 16:58:32,2021-12-03 12:38:39,2490007.11,35640.00000
845,36,2021-11-04 16:58:32,2021-12-03 12:38:39,2490007.16,5400.00000
847,36,2021-11-04 16:58:32,2021-12-03 12:38:39,2490007.26,27360.00000
725,32,2021-11-04 16:58:29,2021-12-03 12:38:31,2490001.34,20160.00000
728,32,2021-11-04 16:58:29,2021-12-03 12:38:31,2490001.48,15040.00000
729,32,2021-11-04 16:58:29,2021-12-03 12:38:31,2490001.54,29760.00000
732,32,2021-11-04 16:58:30,2021-12-03 12:38:31,2490001.68,26560.00000
733,32,2021-11-04 16:58:30,2021-12-03 12:38:31,2490001.73,6400.00000
734,32,2021-11-04 16:58:30,2021-12-03 12:38:31,2490001.77,29440.00000
735,32,2021-11-04 16:58:30,2021-12-03 12:38:31,2490001.82,12800.00000
726,32,2021-11-04 16:58:29,2021-12-03 12:38:31,2490001.38,320.00000
730,32,2021-11-04 16:58:30,2021-12-03 12:38:31,2490001.59,13440.00000
727,32,2021-11-04 16:58:29,2021-12-03 12:38:31,2490001.43,16320.00000
731,32,2021-11-04 16:58:30,2021-12-03 12:38:31,2490001.63,7360.00000
849,36,2021-11-04 16:58:32,2021-12-03 12:38:39,2490007.34,8280.00000
742,33,2021-11-04 16:58:30,2021-12-03 12:38:32,2490002.14,32010.00000
745,33,2021-11-04 16:58:30,2021-12-03 12:38:32,2490002.27,25080.00000
850,36,2021-11-04 16:58:32,2021-12-03 12:38:39,2490007.39,19440.00000
851,36,2021-11-04 16:58:32,2021-12-03 12:38:39,2490007.44,28440.00000
690,31,2021-11-04 16:58:29,2021-12-03 12:38:28,2489999.81,6820.00000
739,33,2021-11-04 16:58:30,2021-12-03 12:38:32,2490002.00,1650.00000
740,33,2021-11-04 16:58:30,2021-12-03 12:38:32,2490002.04,6270.00000
852,36,2021-11-04 16:58:32,2021-12-03 12:38:39,2490007.48,21240.00000
879,36,2021-11-04 16:58:32,2021-12-03 12:38:41,2490008.68,14760.00000
882,36,2021-11-04 16:58:32,2021-12-03 12:38:41,2490008.83,29520.00000
880,36,2021-11-04 16:58:32,2021-12-03 12:38:41,2490008.73,23040.00000
24,2,2021-11-04 16:58:14,2021-12-03 12:37:45,2489970.59,600.00000
26,2,2021-11-04 16:58:14,2021-12-03 12:37:45,2489970.68,0.00000
489,17,2021-11-04 16:58:24,2021-12-03 12:38:15,2489991.10,4420.00000
878,36,2021-11-04 16:58:32,2021-12-03 12:38:41,2490008.64,360.00000
881,36,2021-11-04 16:58:32,2021-12-03 12:38:41,2490008.78,32040.00000
789,34,2021-11-04 16:58:31,2021-12-03 12:38:35,2490004.43,27200.00000
38,3,2021-11-04 16:58:15,2021-12-03 12:37:46,2489971.19,1920.00000
41,3,2021-11-04 16:58:15,2021-12-03 12:37:46,2489971.31,2670.00000
490,17,2021-11-04 16:58:24,2021-12-03 12:38:15,2489991.14,9520.00000
755,33,2021-11-04 16:58:30,2021-12-03 12:38:33,2490002.76,32010.00000
790,34,2021-11-04 16:58:31,2021-12-03 12:38:35,2490004.49,26180.00000
43,3,2021-11-04 16:58:15,2021-12-03 12:37:46,2489971.40,1080.00000
463,16,2021-11-04 16:58:23,2021-12-03 12:38:13,2489989.90,6400.00000
722,32,2021-11-04 16:58:29,2021-12-03 12:38:31,2490001.19,1920.00000
51,3,2021-11-04 16:58:15,2021-12-03 12:37:47,2489971.72,990.00000
465,16,2021-11-04 16:58:23,2021-12-03 12:38:13,2489989.99,7840.00000
632,25,2021-11-04 16:58:27,2021-12-03 12:38:25,2489997.47,18500.00000
466,16,2021-11-04 16:58:23,2021-12-03 12:38:13,2489990.03,2240.00000
469,16,2021-11-04 16:58:24,2021-12-03 12:38:14,2489990.17,320.00000
753,33,2021-11-04 16:58:30,2021-12-03 12:38:33,2490002.66,10560.00000
754,33,2021-11-04 16:58:30,2021-12-03 12:38:33,2490002.71,11550.00000
122,7,2021-11-04 16:58:16,2021-12-03 12:37:51,2489974.64,6020.00000
791,34,2021-11-04 16:58:31,2021-12-03 12:38:35,2490004.53,31620.00000
691,31,2021-11-04 16:58:29,2021-12-03 12:38:28,2489999.85,21390.00000
456,15,2021-11-04 16:58:23,2021-12-03 12:38:13,2489989.59,13350.00000
474,16,2021-11-04 16:58:24,2021-12-03 12:38:14,2489990.40,2880.00000
764,33,2021-11-04 16:58:30,2021-12-03 12:38:33,2490003.21,19800.00000
766,33,2021-11-04 16:58:30,2021-12-03 12:38:33,2490003.31,25410.00000
767,33,2021-11-04 16:58:30,2021-12-03 12:38:34,2490003.36,6270.00000
476,16,2021-11-04 16:58:24,2021-12-03 12:38:14,2489990.50,15360.00000
368,13,2021-11-04 16:58:21,2021-12-03 12:38:07,2489985.63,11700.00000
761,33,2021-11-04 16:58:30,2021-12-03 12:38:33,2490003.06,26730.00000
762,33,2021-11-04 16:58:30,2021-12-03 12:38:33,2490003.11,16500.00000
763,33,2021-11-04 16:58:30,2021-12-03 12:38:33,2490003.16,27060.00000
123,7,2021-11-04 16:58:16,2021-12-03 12:37:51,2489974.68,3360.00000
484,17,2021-11-04 16:58:24,2021-12-03 12:38:15,2489990.86,6460.00000
783,34,2021-11-04 16:58:30,2021-12-03 12:38:35,2490004.14,10540.00000
792,34,2021-11-04 16:58:31,2021-12-03 12:38:35,2490004.58,25500.00000
485,17,2021-11-04 16:58:24,2021-12-03 12:38:15,2489990.91,11050.00000
782,34,2021-11-04 16:58:30,2021-12-03 12:38:35,2490004.09,29240.00000
819,35,2021-11-04 16:58:31,2021-12-03 12:38:37,2490005.92,26250.00000
815,35,2021-11-04 16:58:31,2021-12-03 12:38:37,2490005.72,10150.00000
816,35,2021-11-04 16:58:31,2021-12-03 12:38:37,2490005.78,32900.00000
838,35,2021-11-04 16:58:31,2021-12-03 12:38:38,2490006.83,2800.00000
839,35,2021-11-04 16:58:31,2021-12-03 12:38:38,2490006.88,10150.00000
488,17,2021-11-04 16:58:24,2021-12-03 12:38:15,2489991.05,4930.00000
840,35,2021-11-04 16:58:31,2021-12-03 12:38:38,2490006.93,24150.00000
841,35,2021-11-04 16:58:31,2021-12-03 12:38:38,2490006.98,31150.00000
835,35,2021-11-04 16:58:31,2021-12-03 12:38:38,2490006.70,10150.00000
491,17,2021-11-04 16:58:24,2021-12-03 12:38:15,2489991.19,10370.00000
836,35,2021-11-04 16:58:31,2021-12-03 12:38:38,2490006.75,2800.00000
837,35,2021-11-04 16:58:31,2021-12-03 12:38:38,2490006.78,0.00000
883,36,2021-11-04 16:58:32,2021-12-03 12:38:41,2490008.88,4320.00000
884,36,2021-11-04 16:58:32,2021-12-03 12:38:41,2490008.93,29160.00000
885,36,2021-11-04 16:58:32,2021-12-03 12:38:41,2490008.98,27360.00000
495,17,2021-11-04 16:58:24,2021-12-03 12:38:15,2489991.36,8500.00000
831,35,2021-11-04 16:58:31,2021-12-03 12:38:38,2490006.50,4200.00000
832,35,2021-11-04 16:58:31,2021-12-03 12:38:38,2490006.55,20300.00000
825,35,2021-11-04 16:58:31,2021-12-03 12:38:37,2490006.21,10500.00000
828,35,2021-11-04 16:58:31,2021-12-03 12:38:38,2490006.35,28700.00000
829,35,2021-11-04 16:58:31,2021-12-03 12:38:38,2490006.40,17150.00000
830,35,2021-11-04 16:58:31,2021-12-03 12:38:38,2490006.45,23450.00000
833,35,2021-11-04 16:58:31,2021-12-03 12:38:38,2490006.61,32900.00000
834,35,2021-11-04 16:58:31,2021-12-03 12:38:38,2490006.66,10500.00000
496,17,2021-11-04 16:58:24,2021-12-03 12:38:15,2489991.40,13430.00000
692,31,2021-11-04 16:58:29,2021-12-03 12:38:29,2489999.90,5580.00000
855,36,2021-11-04 16:58:32,2021-12-03 12:38:39,2490007.62,30600.00000
864,36,2021-11-04 16:58:32,2021-12-03 12:38:40,2490007.99,15480.00000
886,36,2021-11-04 16:58:32,2021-12-03 12:38:41,2490009.02,15480.00000
887,36,2021-11-04 16:58:32,2021-12-03 12:38:42,2490009.07,33840.00000
693,31,2021-11-04 16:58:29,2021-12-03 12:38:29,2489999.94,22940.00000
860,36,2021-11-04 16:58:32,2021-12-03 12:38:40,2490007.82,19080.00000
502,18,2021-11-04 16:58:24,2021-12-03 12:38:16,2489991.65,0.00000
865,36,2021-11-04 16:58:32,2021-12-03 12:38:40,2490008.04,18720.00000
493,17,2021-11-04 16:58:24,2021-12-03 12:38:15,2489991.27,9180.00000
504,18,2021-11-04 16:58:24,2021-12-03 12:38:16,2489991.74,11160.00000
868,36,2021-11-04 16:58:32,2021-12-03 12:38:40,2490008.18,8640.00000
870,36,2021-11-04 16:58:32,2021-12-03 12:38:40,2490008.26,22320.00000
872,36,2021-11-04 16:58:32,2021-12-03 12:38:40,2490008.35,14040.00000
873,36,2021-11-04 16:58:32,2021-12-03 12:38:41,2490008.40,24120.00000
874,36,2021-11-04 16:58:32,2021-12-03 12:38:41,2490008.45,27360.00000
875,36,2021-11-04 16:58:32,2021-12-03 12:38:41,2490008.49,27360.00000
876,36,2021-11-04 16:58:32,2021-12-03 12:38:41,2490008.55,30960.00000
877,36,2021-11-04 16:58:32,2021-12-03 12:38:41,2490008.60,24480.00000
264,10,2021-11-04 16:58:19,2021-12-03 12:38:00,2489980.70,9300.00000
867,36,2021-11-04 16:58:32,2021-12-03 12:38:40,2490008.14,6480.00000
869,36,2021-11-04 16:58:32,2021-12-03 12:38:40,2490008.22,35640.00000
871,36,2021-11-04 16:58:32,2021-12-03 12:38:40,2490008.31,19800.00000
497,17,2021-11-04 16:58:24,2021-12-03 12:38:16,2489991.45,7140.00000
275,11,2021-11-04 16:58:20,2021-12-03 12:38:01,2489981.20,2090.00000
508,18,2021-11-04 16:58:24,2021-12-03 12:38:16,2489991.93,3240.00000
623,24,2021-11-04 16:58:27,2021-12-03 12:38:24,2489997.10,720.00000
288,11,2021-11-04 16:58:20,2021-12-03 12:38:02,2489981.78,4730.00000
544,20,2021-11-04 16:58:25,2021-12-03 12:38:19,2489993.52,20000.00000
314,11,2021-11-04 16:58:20,2021-12-03 12:38:03,2489982.91,2970.00000
319,11,2021-11-04 16:58:20,2021-12-03 12:38:04,2489983.13,4840.00000
547,20,2021-11-04 16:58:25,2021-12-03 12:38:19,2489993.65,5200.00000
365,13,2021-11-04 16:58:21,2021-12-03 12:38:07,2489985.50,9880.00000
378,13,2021-11-04 16:58:22,2021-12-03 12:38:08,2489986.06,130.00000
391,13,2021-11-04 16:58:22,2021-12-03 12:38:08,2489986.62,11960.00000
406,13,2021-11-04 16:58:22,2021-12-03 12:38:09,2489987.29,4290.00000
420,14,2021-11-04 16:58:22,2021-12-03 12:38:10,2489987.90,5180.00000
525,19,2021-11-04 16:58:25,2021-12-03 12:38:17,2489992.68,3610.00000
409,14,2021-11-04 16:58:22,2021-12-03 12:38:10,2489987.41,4340.00000
124,7,2021-11-04 16:58:16,2021-12-03 12:37:51,2489974.73,3710.00000
684,31,2021-11-04 16:58:28,2021-12-03 12:38:28,2489999.57,28830.00000
444,15,2021-11-04 16:58:23,2021-12-03 12:38:12,2489989.05,11100.00000
451,15,2021-11-04 16:58:23,2021-12-03 12:38:12,2489989.37,7050.00000
498,17,2021-11-04 16:58:24,2021-12-03 12:38:16,2489991.49,1190.00000
449,15,2021-11-04 16:58:23,2021-12-03 12:38:12,2489989.28,4500.00000
126,7,2021-11-04 16:58:16,2021-12-03 12:37:51,2489974.81,980.00000
462,16,2021-11-04 16:58:23,2021-12-03 12:38:13,2489989.85,8320.00000
499,17,2021-11-04 16:58:24,2021-12-03 12:38:16,2489991.53,14110.00000
503,18,2021-11-04 16:58:24,2021-12-03 12:38:16,2489991.70,15120.00000
458,16,2021-11-04 16:58:23,2021-12-03 12:38:13,2489989.67,8000.00000
505,18,2021-11-04 16:58:24,2021-12-03 12:38:16,2489991.79,10620.00000
506,18,2021-11-04 16:58:24,2021-12-03 12:38:16,2489991.83,7200.00000
461,16,2021-11-04 16:58:23,2021-12-03 12:38:13,2489989.81,5600.00000
710,31,2021-11-04 16:58:29,2021-12-03 12:38:30,2490000.68,14880.00000
468,16,2021-11-04 16:58:23,2021-12-03 12:38:14,2489990.12,10240.00000
464,16,2021-11-04 16:58:23,2021-12-03 12:38:13,2489989.95,3360.00000
467,16,2021-11-04 16:58:23,2021-12-03 12:38:14,2489990.07,8480.00000
478,16,2021-11-04 16:58:24,2021-12-03 12:38:14,2489990.61,640.00000
711,31,2021-11-04 16:58:29,2021-12-03 12:38:30,2490000.72,5890.00000
482,17,2021-11-04 16:58:24,2021-12-03 12:38:15,2489990.77,9350.00000
483,17,2021-11-04 16:58:24,2021-12-03 12:38:15,2489990.81,15300.00000
509,18,2021-11-04 16:58:24,2021-12-03 12:38:16,2489991.97,13500.00000
492,17,2021-11-04 16:58:24,2021-12-03 12:38:15,2489991.23,9520.00000
694,31,2021-11-04 16:58:29,2021-12-03 12:38:29,2489999.99,25110.00000
494,17,2021-11-04 16:58:24,2021-12-03 12:38:15,2489991.31,4930.00000
695,31,2021-11-04 16:58:29,2021-12-03 12:38:29,2490000.03,29140.00000
500,18,2021-11-04 16:58:24,2021-12-03 12:38:16,2489991.56,4680.00000
527,20,2021-11-04 16:58:25,2021-12-03 12:38:18,2489992.74,10600.00000
512,18,2021-11-04 16:58:24,2021-12-03 12:38:17,2489992.11,16020.00000
747,33,2021-11-04 16:58:30,2021-12-03 12:38:32,2490002.37,7920.00000
52,3,2021-11-04 16:58:15,2021-12-03 12:37:47,2489971.76,1800.00000
511,18,2021-11-04 16:58:24,2021-12-03 12:38:16,2489992.07,10980.00000
127,7,2021-11-04 16:58:16,2021-12-03 12:37:51,2489974.85,4830.00000
131,7,2021-11-04 16:58:17,2021-12-03 12:37:52,2489975.02,5670.00000
514,18,2021-11-04 16:58:24,2021-12-03 12:38:17,2489992.20,900.00000
132,7,2021-11-04 16:58:17,2021-12-03 12:37:52,2489975.06,1400.00000
133,7,2021-11-04 16:58:17,2021-12-03 12:37:52,2489975.11,1680.00000
134,7,2021-11-04 16:58:17,2021-12-03 12:37:52,2489975.15,1960.00000
175,9,2021-11-04 16:58:17,2021-12-03 12:37:54,2489976.87,6030.00000
216,10,2021-11-04 16:58:18,2021-12-03 12:37:57,2489978.55,1200.00000
53,3,2021-11-04 16:58:15,2021-12-03 12:37:47,2489971.81,2010.00000
715,31,2021-11-04 16:58:29,2021-12-03 12:38:30,2490000.89,1240.00000
242,10,2021-11-04 16:58:19,2021-12-03 12:37:58,2489979.64,300.00000
251,10,2021-11-04 16:58:19,2021-12-03 12:37:59,2489980.01,6300.00000
256,10,2021-11-04 16:58:19,2021-12-03 12:37:59,2489980.34,3400.00000
516,19,2021-11-04 16:58:25,2021-12-03 12:38:17,2489992.28,6460.00000
65,3,2021-11-04 16:58:15,2021-12-03 12:37:47,2489972.31,810.00000
285,11,2021-11-04 16:58:20,2021-12-03 12:38:01,2489981.64,2640.00000
289,11,2021-11-04 16:58:20,2021-12-03 12:38:02,2489981.81,3080.00000
301,11,2021-11-04 16:58:20,2021-12-03 12:38:02,2489982.30,10670.00000
717,31,2021-11-04 16:58:29,2021-12-03 12:38:30,2490000.97,31000.00000
718,32,2021-11-04 16:58:29,2021-12-03 12:38:30,2490001.01,1920.00000
75,4,2021-11-04 16:58:15,2021-12-03 12:37:48,2489972.72,1360.00000
76,4,2021-11-04 16:58:15,2021-12-03 12:37:48,2489972.76,40.00000
723,32,2021-11-04 16:58:29,2021-12-03 12:38:31,2490001.24,1600.00000
86,5,2021-11-04 16:58:16,2021-12-03 12:37:49,2489973.16,2150.00000
112,7,2021-11-04 16:58:16,2021-12-03 12:37:50,2489974.23,6160.00000
518,19,2021-11-04 16:58:25,2021-12-03 12:38:17,2489992.37,9310.00000
521,19,2021-11-04 16:58:25,2021-12-03 12:38:17,2489992.51,4940.00000
64,3,2021-11-04 16:58:15,2021-12-03 12:37:47,2489972.29,210.00000
526,19,2021-11-04 16:58:25,2021-12-03 12:38:17,2489992.72,190.00000
533,20,2021-11-04 16:58:25,2021-12-03 12:38:18,2489993.02,20000.00000
534,20,2021-11-04 16:58:25,2021-12-03 12:38:18,2489993.06,16600.00000
542,20,2021-11-04 16:58:25,2021-12-03 12:38:19,2489993.43,6800.00000
109,7,2021-11-04 16:58:16,2021-12-03 12:37:50,2489974.11,2450.00000
528,20,2021-11-04 16:58:25,2021-12-03 12:38:18,2489992.79,17800.00000
116,7,2021-11-04 16:58:16,2021-12-03 12:37:51,2489974.39,5180.00000
532,20,2021-11-04 16:58:25,2021-12-03 12:38:18,2489992.97,10000.00000
118,7,2021-11-04 16:58:16,2021-12-03 12:37:51,2489974.48,1960.00000
543,20,2021-11-04 16:58:25,2021-12-03 12:38:19,2489993.48,10800.00000
125,7,2021-11-04 16:58:16,2021-12-03 12:37:51,2489974.77,5810.00000
545,20,2021-11-04 16:58:25,2021-12-03 12:38:19,2489993.57,15400.00000
135,8,2021-11-04 16:58:17,2021-12-03 12:37:52,2489975.18,3360.00000
147,8,2021-11-04 16:58:17,2021-12-03 12:37:53,2489975.68,4640.00000
152,8,2021-11-04 16:58:17,2021-12-03 12:37:53,2489975.89,6800.00000
546,20,2021-11-04 16:58:25,2021-12-03 12:38:19,2489993.61,12800.00000
548,20,2021-11-04 16:58:25,2021-12-03 12:38:19,2489993.68,11200.00000
552,20,2021-11-04 16:58:25,2021-12-03 12:38:19,2489993.88,12200.00000
128,7,2021-11-04 16:58:16,2021-12-03 12:37:51,2489974.90,2240.00000
558,20,2021-11-04 16:58:25,2021-12-03 12:38:20,2489994.17,6200.00000
716,31,2021-11-04 16:58:29,2021-12-03 12:38:30,2490000.93,16740.00000
513,18,2021-11-04 16:58:24,2021-12-03 12:38:17,2489992.16,17640.00000
519,19,2021-11-04 16:58:25,2021-12-03 12:38:17,2489992.42,15960.00000
650,27,2021-11-04 16:58:28,2021-12-03 12:38:26,2489998.21,20790.00000
628,24,2021-11-04 16:58:27,2021-12-03 12:38:24,2489997.30,17280.00000
630,25,2021-11-04 16:58:27,2021-12-03 12:38:24,2489997.38,2000.00000
640,26,2021-11-04 16:58:27,2021-12-03 12:38:25,2489997.81,21580.00000
642,26,2021-11-04 16:58:27,2021-12-03 12:38:25,2489997.90,11440.00000
660,28,2021-11-04 16:58:28,2021-12-03 12:38:26,2489998.62,16800.00000
662,29,2021-11-04 16:58:28,2021-12-03 12:38:27,2489998.69,6090.00000
666,29,2021-11-04 16:58:28,2021-12-03 12:38:27,2489998.85,870.00000
669,29,2021-11-04 16:58:28,2021-12-03 12:38:27,2489998.98,25230.00000
671,30,2021-11-04 16:58:28,2021-12-03 12:38:27,2489999.05,18000.00000
680,31,2021-11-04 16:58:28,2021-12-03 12:38:28,2489999.41,26660.00000
679,31,2021-11-04 16:58:28,2021-12-03 12:38:28,2489999.36,11470.00000
686,31,2021-11-04 16:58:28,2021-12-03 12:38:28,2489999.65,12400.00000
564,20,2021-11-04 16:58:26,2021-12-03 12:38:20,2489994.44,11000.00000
697,31,2021-11-04 16:58:29,2021-12-03 12:38:29,2490000.11,13950.00000
707,31,2021-11-04 16:58:29,2021-12-03 12:38:30,2490000.56,29450.00000
706,31,2021-11-04 16:58:29,2021-12-03 12:38:30,2490000.52,17980.00000
713,31,2021-11-04 16:58:29,2021-12-03 12:38:30,2490000.81,8060.00000
712,31,2021-11-04 16:58:29,2021-12-03 12:38:30,2490000.77,18290.00000
719,32,2021-11-04 16:58:29,2021-12-03 12:38:30,2490001.05,16000.00000
737,32,2021-11-04 16:58:30,2021-12-03 12:38:32,2490001.91,23360.00000
743,33,2021-11-04 16:58:30,2021-12-03 12:38:32,2490002.18,7590.00000
752,33,2021-11-04 16:58:30,2021-12-03 12:38:33,2490002.62,28710.00000
760,33,2021-11-04 16:58:30,2021-12-03 12:38:33,2490003.01,22110.00000
769,33,2021-11-04 16:58:30,2021-12-03 12:38:34,2490003.46,7920.00000
751,33,2021-11-04 16:58:30,2021-12-03 12:38:32,2490002.57,27720.00000
784,34,2021-11-04 16:58:30,2021-12-03 12:38:35,2490004.19,34000.00000
780,34,2021-11-04 16:58:30,2021-12-03 12:38:34,2490003.99,9180.00000
793,34,2021-11-04 16:58:31,2021-12-03 12:38:35,2490004.64,10880.00000
787,34,2021-11-04 16:58:31,2021-12-03 12:38:35,2490004.34,20400.00000
788,34,2021-11-04 16:58:31,2021-12-03 12:38:35,2490004.39,2380.00000
515,18,2021-11-04 16:58:24,2021-12-03 12:38:17,2489992.25,9000.00000
575,21,2021-11-04 16:58:26,2021-12-03 12:38:21,2489994.92,5670.00000
622,24,2021-11-04 16:58:27,2021-12-03 12:38:24,2489997.06,6720.00000
663,29,2021-11-04 16:58:28,9999-12-03 12:38:27,2489998.74,28130.00000
696,31,2021-11-04 16:58:29,2021-12-03 12:38:29,2490000.07,29760.00000
698,31,2021-11-04 16:58:29,2021-12-03 12:38:29,2490000.16,24490.00000
701,31,2021-11-04 16:58:29,2021-12-03 12:38:29,2490000.28,23870.00000
749,33,2021-11-04 16:58:30,2021-12-03 12:38:32,2490002.47,31020.00000
714,31,2021-11-04 16:58:29,2021-12-03 12:38:30,2490000.85,17050.00000
720,32,2021-11-04 16:58:29,2021-12-03 12:38:30,2490001.10,8960.00000
748,33,2021-11-04 16:58:30,2021-12-03 12:38:32,2490002.43,22110.00000
750,33,2021-11-04 16:58:30,2021-12-03 12:38:32,2490002.52,3960.00000
756,33,2021-11-04 16:58:30,2021-12-03 12:38:33,2490002.81,660.00000
758,33,2021-11-04 16:58:30,2021-12-03 12:38:33,2490002.91,15510.00000
759,33,2021-11-04 16:58:30,2021-12-03 12:38:33,2490002.96,25410.00000
779,34,2021-11-04 16:58:30,2021-12-03 12:38:34,2490003.95,26180.00000
785,34,2021-11-04 16:58:30,2021-12-03 12:38:35,2490004.24,26520.00000
786,34,2021-11-04 16:58:31,2021-12-03 12:38:35,2490004.29,2380.00000
